unidade;ano;mes;readmissoes;altas_validas;obitos;tx_readmissao
HAC;2019;5;4;238;21;0,018433179723502304
HAC;2019;6;9;346;30;0,028481012658227847
HAC;2019;7;17;320;25;0,0576271186440678
HAC;2019;8;13;325;29;0,04391891891891892
HAC;2019;9;16;286;31;0,06274509803921569
HAC;2019;10;24;318;28;0,08275862068965517
HAC;2019;11;25;310;21;0,08650519031141868
HAC;2019;12;25;313;23;0,08620689655172414
HAC;2020;1;20;275;16;0,07722007722007722
HAC;2020;2;7;269;24;0,02857142857142857
HAC;2020;3;9;297;20;0,032490974729241874
HAC;2020;4;7;243;26;0,03225806451612903
HAC;2020;5;9;238;19;0,0410958904109589
HAC;2020;6;17;242;24;0,0779816513761468
HAC;2020;7;15;252;24;0,06578947368421052
HAC;2020;8;14;279;22;0,054474708171206226
HAC;2020;9;14;254;13;0,058091286307053944
HAC;2020;10;13;277;24;0,05138339920948617
HAC;2020;11;11;267;28;0,04602510460251046
HAC;2020;12;18;274;23;0,07171314741035857
HAC;2021;1;11;241;26;0,05116279069767442
HAC;2021;2;13;222;16;0,06310679611650485
HAC;2021;3;7;276;23;0,02766798418972332
HAC;2021;4;16;254;31;0,07174887892376682
HAC;2021;5;8;251;19;0,034482758620689655
HAC;2021;6;5;266;27;0,02092050209205021
HAC;2021;7;17;254;18;0,07203389830508475
HAC;2021;8;8;262;21;0,03319502074688797
HAC;2021;9;13;268;24;0,05327868852459016
HAC;2021;10;14;270;22;0,056451612903225805
HAC;2021;11;9;227;26;0,04477611940298507
HAC;2021;12;7;242;26;0,032407407407407406
HAC;2022;1;19;203;24;0,10614525139664804
HAC;2022;2;1;181;20;0,006211180124223602
HAC;2022;3;9;198;20;0,05056179775280899
HAC;2022;5;9;251;20;0,03896103896103896
HAC;2022;6;9;258;24;0,038461538461538464
HAC;2022;7;18;244;20;0,08035714285714286
HAC;2022;8;6;252;24;0,02631578947368421
HAC;2022;9;10;199;15;0,05434782608695652
HAC;2022;10;9;239;24;0,04186046511627907
HAC;2022;11;11;193;22;0,06432748538011696
HAC;2022;12;23;248;19;0,10043668122270742
HAC;2023;1;9;203;20;0,04918032786885246
HAC;2023;2;12;224;25;0,06030150753768844
HAC;2023;3;17;298;35;0,06463878326996197
HAC;2023;4;25;257;22;0,10638297872340426
HAC;2023;5;11;264;31;0,04721030042918455
HAC;2023;6;22;276;25;0,08764940239043825
HAC;2023;7;14;275;30;0,05714285714285714
HAC;2023;8;29;276;23;0,11462450592885376
HAC;2023;9;30;287;30;0,11673151750972763
HAC;2023;10;24;277;29;0,0967741935483871
HAC;2023;11;22;235;25;0,10476190476190476
HAC;2023;12;20;264;22;0,08264462809917356
HAC;2024;1;19;263;34;0,08296943231441048
HAC;2024;2;27;282;24;0,10465116279069768
HAC;2024;3;15;307;27;0,05357142857142857
HAC;2024;4;18;327;32;0,061016949152542375
HAC;2024;5;30;311;31;0,10714285714285714
HAC;2024;6;17;280;21;0,06563706563706563
HAC;2024;7;36;290;25;0,13584905660377358
HAC;2024;8;33;325;28;0,1111111111111111
HAC;2024;9;17;293;28;0,06415094339622641
HAC;2024;10;26;323;24;0,08695652173913043
HAC;2024;11;38;328;32;0,12837837837837837
HAC;2024;12;30;295;25;0,1111111111111111
HAC;2025;1;30;318;41;0,10830324909747292
HAC;2025;2;28;273;31;0,11570247933884298
HAC;2025;3;33;322;22;0,11
HAC;2025;4;41;327;26;0,1362126245847176
HAC;2025;5;30;328;40;0,10416666666666667
HAC;2025;6;18;306;32;0,06569343065693431
HAC;2025;7;14;327;44;0,04946996466431095
HAC;2025;8;13;305;36;0,048327137546468404
HAC;2025;9;13;312;17;0,04406779661016949
HAC;2025;10;12;324;28;0,04054054054054054
HAC;2025;11;7;326;25;0,023255813953488372
HAC;2025;12;3;299;23;0,010869565217391304
HAC;2026;1;2;289;31;0,007751937984496124
HAC;2026;2;1;270;21;0,004016064257028112
HAC;2026;3;6;304;19;0,021052631578947368
HEM;2020;1;2;115;14;0,019801980198019802
HEM;2020;2;3;104;11;0,03225806451612903
HEM;2020;5;1;206;30;0,005681818181818182
HEM;2020;6;1;180;31;0,006711409395973154
HEM;2020;7;3;257;49;0,014423076923076924
HEM;2020;8;1;173;33;0,007142857142857143
HEM;2020;10;2;153;25;0,015625
HEM;2020;12;2;233;48;0,010810810810810811
HEM;2021;1;3;206;44;0,018518518518518517
HEM;2021;2;2;148;23;0,016
HEM;2021;4;1;265;55;0,004761904761904762
HEM;2021;5;1;241;34;0,004830917874396135
HEM;2021;8;4;167;20;0,027210884353741496
HEM;2021;9;3;134;13;0,024793388429752067
HEM;2021;10;1;149;18;0,007633587786259542
HEM;2021;11;4;169;17;0,02631578947368421
HEM;2021;12;4;164;18;0,0273972602739726
HEM;2022;1;2;205;33;0,011627906976744186
HEM;2022;2;2;138;24;0,017543859649122806
HEM;2022;3;3;119;18;0,0297029702970297
HEM;2022;4;7;121;15;0,0660377358490566
HEM;2022;5;4;145;23;0,03278688524590164
HEM;2022;6;3;174;13;0,018633540372670808
HEM;2022;7;2;162;21;0,014184397163120567
HEM;2022;8;4;149;13;0,029411764705882353
HEM;2022;9;7;185;15;0,041176470588235294
HEM;2022;10;1;161;10;0,006622516556291391
HEM;2022;11;7;176;20;0,04487179487179487
HEM;2022;12;4;198;15;0,02185792349726776
HEM;2023;1;4;160;14;0,0273972602739726
HEM;2023;2;2;152;12;0,014285714285714285
HEM;2023;3;10;162;16;0,0684931506849315
HEM;2023;4;5;149;3;0,03424657534246575
HEM;2023;5;3;145;11;0,022388059701492536
HEM;2023;6;10;162;10;0,06578947368421052
HEM;2023;7;3;131;9;0,02459016393442623
HEM;2023;8;5;179;17;0,030864197530864196
HEM;2023;9;3;133;13;0,025
HEM;2023;10;5;123;11;0,044642857142857144
HEM;2023;11;4;131;14;0,03418803418803419
HEM;2023;12;3;134;19;0,02608695652173913
HEM;2024;1;3;248;16;0,01293103448275862
HEM;2024;2;2;376;10;0,00546448087431694
HEM;2024;3;3;418;12;0,007389162561576354
HEM;2024;4;2;374;11;0,005509641873278237
HEM;2024;5;2;256;14;0,008264462809917356
HEM;2024;6;4;164;18;0,0273972602739726
HEM;2024;7;4;158;6;0,02631578947368421
HEM;2024;8;5;136;8;0,0390625
HEM;2024;9;5;156;14;0,035211267605633804
HEM;2024;10;2;144;4;0,014285714285714285
HEM;2024;11;12;148;12;0,08823529411764706
HEM;2024;12;7;143;12;0,05343511450381679
HEM;2025;1;5;142;10;0,03787878787878788
HEM;2025;2;6;132;15;0,05128205128205128
HEM;2025;3;5;158;10;0,033783783783783786
HEM;2025;4;5;171;13;0,03164556962025317
HEM;2025;5;2;178;17;0,012422360248447204
HEM;2025;6;6;155;22;0,045112781954887216
HEM;2025;7;7;184;16;0,041666666666666664
HEM;2025;8;6;165;15;0,04
HEM;2025;9;4;184;10;0,022988505747126436
HEM;2025;10;6;193;13;0,03333333333333333
HEM;2025;11;3;154;12;0,02112676056338028
HEM;2025;12;2;171;11;0,0125
HEM;2026;1;2;153;15;0,014492753623188406
HEM;2026;2;1;142;9;0,007518796992481203
HEM;2026;3;1;177;14;0,006134969325153374
HIJPII;2019;5;2;213;0;0,009389671361502348
HIJPII;2020;1;6;288;5;0,02120141342756184
HIJPII;2020;2;3;319;2;0,00946372239747634
HIJPII;2020;5;4;58;4;0,07407407407407407
HIJPII;2020;6;3;260;2;0,011627906976744186
HIJPII;2020;7;2;368;3;0,005479452054794521
HIJPII;2020;8;6;309;3;0,0196078431372549
HIJPII;2020;9;5;282;2;0,017857142857142856
HIJPII;2020;10;3;292;1;0,010309278350515464
HIJPII;2020;11;4;344;8;0,011904761904761904
HIJPII;2020;12;2;168;2;0,012048192771084338
HIJPII;2021;1;6;320;3;0,01892744479495268
HIJPII;2021;2;8;327;5;0,024844720496894408
HIJPII;2021;3;1;308;0;0,003246753246753247
HIJPII;2021;5;8;237;2;0,03404255319148936
HIJPII;2021;6;2;116;2;0,017543859649122806
HIJPII;2021;7;15;327;4;0,04643962848297214
HIJPII;2021;8;15;309;3;0,049019607843137254
HIJPII;2021;9;11;341;3;0,03254437869822485
HIJPII;2021;10;26;363;1;0,0718232044198895
HIJPII;2021;11;20;366;5;0,055401662049861494
HIJPII;2021;12;18;436;2;0,041474654377880185
HIJPII;2022;1;12;361;3;0,0335195530726257
HIJPII;2022;2;5;107;0;0,04672897196261682
HIJPII;2022;3;20;327;3;0,06172839506172839
HIJPII;2022;4;19;269;2;0,07116104868913857
HIJPII;2022;5;36;404;4;0,09
HIJPII;2022;6;31;387;4;0,08093994778067885
HIJPII;2022;7;24;378;1;0,0636604774535809
HIJPII;2022;8;11;319;0;0,034482758620689655
HIJPII;2022;9;25;365;2;0,06887052341597796
HIJPII;2022;10;8;261;1;0,03076923076923077
HIJPII;2022;11;19;417;6;0,046228710462287104
HIJPII;2022;12;21;344;3;0,06158357771260997
HIJPII;2023;1;25;306;3;0,08250825082508251
HIJPII;2023;2;28;419;1;0,06698564593301436
HIJPII;2023;3;27;503;2;0,05389221556886228
HIJPII;2023;4;8;261;0;0,03065134099616858
HIJPII;2023;5;31;458;2;0,06798245614035088
HIJPII;2023;6;32;399;4;0,0810126582278481
HIJPII;2023;7;44;451;2;0,09799554565701558
HIJPII;2023;8;26;374;3;0,07008086253369272
HIJPII;2023;9;35;390;1;0,08997429305912596
HIJPII;2023;10;29;352;3;0,0830945558739255
HIJPII;2023;11;23;323;4;0,07210031347962383
HIJPII;2023;12;20;321;4;0,06309148264984227
HIJPII;2024;1;20;316;3;0,06389776357827476
HIJPII;2024;2;26;408;4;0,06435643564356436
HIJPII;2024;3;33;607;3;0,054635761589403975
HIJPII;2024;4;45;614;3;0,07364975450081833
HIJPII;2024;5;30;498;5;0,060851926977687626
HIJPII;2024;6;21;401;0;0,05236907730673317
HIJPII;2024;7;30;389;2;0,07751937984496124
HIJPII;2024;8;28;350;4;0,08092485549132948
HIJPII;2024;9;37;390;4;0,09585492227979274
HIJPII;2024;10;45;383;2;0,11811023622047244
HIJPII;2024;11;35;352;1;0,09971509971509972
HIJPII;2024;12;34;407;3;0,08415841584158416
HIJPII;2025;1;20;345;1;0,05813953488372093
HIJPII;2025;2;16;346;4;0,04678362573099415
HIJPII;2025;3;16;444;2;0,03619909502262444
HIJPII;2025;4;12;286;1;0,042105263157894736
HIJPII;2025;5;21;540;5;0,03925233644859813
HIJPII;2025;6;14;456;3;0,03090507726269316
HIJPII;2025;7;21;379;1;0,05555555555555555
HIJPII;2025;8;14;315;0;0,044444444444444446
HIJPII;2025;9;11;301;2;0,03678929765886288
HIJPII;2025;10;25;327;2;0,07692307692307693
HIJPII;2025;11;14;332;6;0,04294478527607362
HIJPII;2025;12;11;339;3;0,03273809523809524
HIJPII;2026;1;20;286;3;0,0706713780918728
HIJPII;2026;2;9;238;0;0,037815126050420166
HIJPII;2026;3;3;93;0;0,03225806451612903
HIJPII;2026;4;6;291;0;0,020618556701030927
HIJPII;2026;5;1;143;0;0,006993006993006993
HJK;2020;1;32;925;35;0,035955056179775284
HJK;2020;2;9;698;26;0,013392857142857142
HJK;2020;3;6;873;25;0,007075471698113208
HJK;2020;4;14;693;26;0,020989505247376312
HJK;2020;5;2;735;28;0,002828854314002829
HJK;2020;6;1;695;29;0,0015015015015015015
HJK;2020;7;5;692;49;0,007776049766718507
HJK;2020;8;7;594;47;0,012797074954296161
HJK;2020;9;11;662;38;0,017628205128205128
HJK;2020;10;14;680;39;0,0218408736349454
HJK;2020;11;8;648;24;0,01282051282051282
HJK;2020;12;6;703;39;0,009036144578313253
HJK;2021;1;17;648;41;0,02800658978583196
HJK;2021;2;8;622;44;0,01384083044982699
HJK;2021;3;3;823;66;0,003963011889035667
HJK;2021;4;3;659;57;0,0049833887043189366
HJK;2021;5;5;635;32;0,008291873963515755
HJK;2021;6;4;661;44;0,006482982171799027
HJK;2021;7;10;747;29;0,013927576601671309
HJK;2021;8;9;706;27;0,013254786450662739
HJK;2021;9;11;548;21;0,020872865275142316
HJK;2021;10;10;679;31;0,015432098765432098
HJK;2021;11;13;645;23;0,02090032154340836
HJK;2021;12;11;711;38;0,01634472511144131
HJK;2022;1;5;704;38;0,0075075075075075074
HJK;2022;2;8;562;37;0,015238095238095238
HJK;2022;3;17;663;24;0,026604068857589983
HJK;2022;4;24;657;27;0,0380952380952381
HJK;2022;5;8;674;28;0,01238390092879257
HJK;2022;6;6;638;24;0,009771986970684038
HJK;2022;7;6;665;28;0,009419152276295133
HJK;2022;8;6;750;23;0,008253094910591471
HJK;2022;9;8;799;17;0,010230179028132993
HJK;2022;10;10;783;23;0,013157894736842105
HJK;2022;11;15;703;24;0,022091310751104567
HJK;2022;12;19;770;35;0,02585034013605442
HJK;2023;1;19;715;28;0,027656477438136828
HJK;2023;2;21;736;35;0,029957203994293864
HJK;2023;3;31;852;30;0,037712895377128956
HJK;2023;4;33;782;27;0,04370860927152318
HJK;2023;5;18;877;30;0,021251475796930343
HJK;2023;6;22;818;32;0,027989821882951654
HJK;2023;7;20;846;27;0,02442002442002442
HJK;2023;8;11;662;33;0,017488076311605722
HJK;2023;9;11;829;39;0,013924050632911392
HJK;2023;10;9;682;21;0,01361573373676248
HJK;2023;11;20;896;33;0,023174971031286212
HJK;2023;12;24;934;47;0,02705749718151071
HJK;2024;1;22;930;36;0,024608501118568233
HJK;2024;2;39;1044;52;0,03931451612903226
HJK;2024;3;29;1265;52;0,023907666941467436
HJK;2024;4;35;1180;42;0,030755711775043937
HJK;2024;5;55;1238;67;0,04696840307429547
HJK;2024;6;45;1129;59;0,04205607476635514
HJK;2024;7;50;1128;45;0,046168051708217916
HJK;2024;8;44;1128;58;0,041121495327102804
HJK;2024;9;38;1059;43;0,03740157480314961
HJK;2024;10;43;1146;55;0,03941338221814849
HJK;2024;11;43;1075;43;0,041666666666666664
HJK;2024;12;49;1129;66;0,04609595484477893
HJK;2025;1;48;1152;52;0,04363636363636364
HJK;2025;2;36;1063;45;0,03536345776031434
HJK;2025;3;29;1192;38;0,02512998266897747
HJK;2025;4;30;1143;48;0,0273972602739726
HJK;2025;5;12;839;48;0,015170670037926675
HJK;2025;6;13;1007;56;0,013669821240799159
HJK;2025;7;28;1186;70;0,025089605734767026
HJK;2025;8;19;1112;56;0,017992424242424244
HJK;2025;9;36;1156;51;0,03257918552036199
HJK;2025;10;14;1100;56;0,013409961685823755
HJK;2025;11;37;1052;60;0,037298387096774195
HJK;2025;12;18;1195;67;0,015957446808510637
HJK;2026;1;12;1167;60;0,01084010840108401
HJK;2026;2;3;1136;52;0,0027675276752767526
HJK;2026;4;3;732;42;0,004347826086956522
HJK;2026;5;3;757;40;0,0041841004184100415
HJXXIII;2020;4;1;161;12;0,006711409395973154
HJXXIII;2020;5;3;429;20;0,007334963325183374
HJXXIII;2020;6;4;736;32;0,005681818181818182
HJXXIII;2020;7;14;947;54;0,015677491601343786
HJXXIII;2020;8;8;757;39;0,011142061281337047
HJXXIII;2020;9;11;951;46;0,012154696132596685
HJXXIII;2020;10;17;1005;51;0,01781970649895178
HJXXIII;2020;11;13;924;40;0,014705882352941176
HJXXIII;2020;12;3;331;15;0,00949367088607595
HJXXIII;2021;1;2;578;30;0,0036496350364963502
HJXXIII;2021;3;6;652;30;0,00964630225080386
HJXXIII;2021;4;2;351;25;0,006134969325153374
HJXXIII;2021;5;18;708;50;0,02735562310030395
HJXXIII;2021;6;8;613;20;0,013490725126475547
HJXXIII;2021;7;13;952;40;0,01425438596491228
HJXXIII;2021;8;19;862;27;0,022754491017964073
HJXXIII;2021;9;24;903;47;0,028037383177570093
HJXXIII;2021;10;13;949;37;0,01425438596491228
HJXXIII;2021;11;21;912;36;0,023972602739726026
HJXXIII;2021;12;22;943;38;0,02430939226519337
HJXXIII;2022;1;15;934;41;0,0167973124300112
HJXXIII;2022;2;1;351;19;0,0030120481927710845
HJXXIII;2022;3;10;939;38;0,011098779134295227
HJXXIII;2022;4;5;451;19;0,011574074074074073
HJXXIII;2022;5;13;870;37;0,015606242496998799
HJXXIII;2022;6;15;837;31;0,018610421836228287
HJXXIII;2022;7;17;958;38;0,01847826086956522
HJXXIII;2022;8;15;826;42;0,01913265306122449
HJXXIII;2022;9;23;906;32;0,02631578947368421
HJXXIII;2022;10;12;714;28;0,01749271137026239
HJXXIII;2022;11;22;875;26;0,02591283863368669
HJXXIII;2022;12;21;777;27;0,028
HJXXIII;2023;1;16;901;30;0,018369690011481057
HJXXIII;2023;2;14;837;35;0,017456359102244388
HJXXIII;2023;3;14;892;32;0,01627906976744186
HJXXIII;2023;4;15;841;31;0,018518518518518517
HJXXIII;2023;5;20;1005;34;0,02059732234809475
HJXXIII;2023;6;18;937;42;0,02011173184357542
HJXXIII;2023;7;24;992;67;0,025945945945945945
HJXXIII;2023;8;25;978;42;0,026709401709401708
HJXXIII;2023;9;32;960;48;0,03508771929824561
HJXXIII;2023;10;35;1041;54;0,03546099290780142
HJXXIII;2023;11;53;978;47;0,05692803437164339
HJXXIII;2023;12;43;999;43;0,04497907949790795
HJXXIII;2024;1;33;922;48;0,03775743707093822
HJXXIII;2024;2;26;913;49;0,03009259259259259
HJXXIII;2024;3;31;1111;58;0,029439696106362774
HJXXIII;2024;4;43;1070;48;0,04207436399217221
HJXXIII;2024;5;32;1115;58;0,030274361400189215
HJXXIII;2024;6;36;988;41;0,03801478352692714
HJXXIII;2024;7;39;1073;51;0,03816046966731898
HJXXIII;2024;8;22;988;50;0,023454157782515993
HJXXIII;2024;9;22;977;51;0,023758099352051837
HJXXIII;2024;10;26;1010;39;0,026776519052523172
HJXXIII;2024;11;29;953;52;0,03218645948945616
HJXXIII;2024;12;40;1045;54;0,04036326942482341
HJXXIII;2025;1;23;1155;43;0,02068345323741007
HJXXIII;2025;2;20;990;35;0,020942408376963352
HJXXIII;2025;3;32;1095;45;0,030476190476190476
HJXXIII;2025;4;15;670;25;0,023255813953488372
HJXXIII;2025;5;15;1137;48;0,013774104683195593
HJXXIII;2025;6;30;1103;39;0,02819548872180451
HJXXIII;2025;7;15;1084;40;0,014367816091954023
HJXXIII;2025;8;20;1141;37;0,018115942028985508
HJXXIII;2025;9;22;1074;43;0,02133850630455868
HJXXIII;2025;10;20;1198;46;0,017361111111111112
HJXXIII;2025;11;22;978;39;0,023429179978700747
HJXXIII;2025;12;13;1116;51;0,012206572769953052
HJXXIII;2026;1;13;1019;32;0,013171225937183385
HJXXIII;2026;2;7;935;40;0,00782122905027933
HJXXIII;2026;3;4;373;17;0,011235955056179775
HJXXIII;2026;4;28;756;28;0,038461538461538464
HJXXIII;2026;5;6;680;28;0,009202453987730062
HRAD;2019;5;1;123;6;0,008547008547008548
HRAD;2019;6;7;410;17;0,017811704834605598
HRAD;2019;7;11;601;28;0,019197207678883072
HRAD;2019;8;23;570;36;0,04307116104868914
HRAD;2019;9;25;531;27;0,0496031746031746
HRAD;2019;10;18;521;17;0,03571428571428571
HRAD;2019;11;33;531;17;0,06420233463035019
HRAD;2019;12;21;600;24;0,036458333333333336
HRAD;2020;1;13;618;23;0,021848739495798318
HRAD;2020;2;24;624;29;0,040336134453781515
HRAD;2020;3;22;649;24;0,0352
HRAD;2020;4;25;606;25;0,043029259896729774
HRAD;2020;5;36;664;28;0,05660377358490566
HRAD;2020;6;28;540;48;0,056910569105691054
HRAD;2020;7;26;527;36;0,05295315682281059
HRAD;2020;8;26;528;50;0,05439330543933055
HRAD;2020;9;29;556;61;0,05858585858585859
HRAD;2020;10;23;535;43;0,046747967479674794
HRAD;2020;11;25;517;37;0,052083333333333336
HRAD;2020;12;39;496;28;0,08333333333333333
HRAD;2021;1;20;555;36;0,038535645472061654
HRAD;2021;2;15;577;36;0,027726432532347505
HRAD;2021;3;26;606;33;0,04537521815008726
HRAD;2021;4;29;651;40;0,04746317512274959
HRAD;2021;5;22;585;38;0,04021937842778794
HRAD;2021;6;21;590;40;0,038181818181818185
HRAD;2021;7;23;687;45;0,03582554517133956
HRAD;2021;8;16;615;27;0,027210884353741496
HRAD;2021;9;23;631;28;0,03814262023217247
HRAD;2021;10;17;581;22;0,03041144901610018
HRAD;2021;11;20;615;28;0,034071550255536626
HRAD;2021;12;15;621;26;0,025210084033613446
HRAD;2022;1;14;577;27;0,025454545454545455
HRAD;2022;2;20;590;27;0,035523978685612786
HRAD;2022;3;19;674;28;0,029411764705882353
HRAD;2022;4;17;665;26;0,026604068857589983
HRAD;2022;5;23;659;23;0,036163522012578615
HRAD;2022;6;25;629;13;0,040584415584415584
HRAD;2022;7;18;570;21;0,03278688524590164
HRAD;2022;8;23;642;22;0,037096774193548385
HRAD;2022;9;25;556;26;0,04716981132075472
HRAD;2022;10;18;557;19;0,03345724907063197
HRAD;2022;11;22;624;28;0,03691275167785235
HRAD;2022;12;16;634;35;0,02671118530884808
HRAD;2023;1;21;688;30;0,031914893617021274
HRAD;2023;2;11;598;21;0,019064124783362217
HRAD;2023;3;22;702;23;0,03240058910162003
HRAD;2023;4;14;673;29;0,021739130434782608
HRAD;2023;5;19;680;30;0,02923076923076923
HRAD;2023;6;14;711;26;0,020437956204379562
HRAD;2023;7;16;644;22;0,02572347266881029
HRAD;2023;8;13;595;29;0,022968197879858657
HRAD;2023;9;24;732;26;0,0339943342776204
HRAD;2023;10;12;712;22;0,017391304347826087
HRAD;2023;11;26;653;41;0,042483660130718956
HRAD;2023;12;25;747;44;0,03556187766714083
HRAD;2024;1;18;712;19;0,025974025974025976
HRAD;2024;2;17;631;29;0,02823920265780731
HRAD;2024;3;9;724;29;0,012949640287769784
HRAD;2024;4;10;675;37;0,01567398119122257
HRAD;2024;5;19;702;26;0,028106508875739646
HRAD;2024;6;16;683;39;0,024844720496894408
HRAD;2024;7;29;692;40;0,04447852760736196
HRAD;2024;8;19;739;33;0,026912181303116147
HRAD;2024;9;23;725;33;0,033236994219653176
HRAD;2024;10;24;760;30;0,03287671232876712
HRAD;2024;11;13;734;31;0,01849217638691323
HRAD;2024;12;15;781;41;0,02027027027027027
HRAD;2025;1;17;742;28;0,023809523809523808
HRAD;2025;2;11;689;32;0,0167427701674277
HRAD;2025;3;22;759;23;0,029891304347826088
HRAD;2025;4;35;755;41;0,049019607843137254
HRAD;2025;5;21;708;34;0,03115727002967359
HRAD;2025;6;14;741;36;0,019858156028368795
HRAD;2025;7;8;777;37;0,010810810810810811
HRAD;2025;8;9;738;26;0,012640449438202247
HRAD;2025;9;10;842;35;0,012391573729863693
HRAD;2025;10;13;787;33;0,017241379310344827
HRAD;2025;11;6;806;38;0,0078125
HRAD;2025;12;5;768;31;0,0067842605156037995
HRAD;2026;1;10;833;32;0,012484394506866416
HRAD;2026;2;2;730;29;0,0028530670470756064
HRAD;2026;3;9;804;24;0,011538461538461539
HRAD;2026;4;3;813;36;0,003861003861003861
HRAD;2026;5;3;597;20;0,005199306759098787
HRBJA;2019;10;2;110;9;0,019801980198019802
HRBJA;2020;5;1;1;0;1,0
HRBJA;2020;6;8;183;19;0,04878048780487805
HRBJA;2020;7;4;221;24;0,02030456852791878
HRBJA;2020;8;7;212;22;0,03684210526315789
HRBJA;2020;9;5;199;19;0,027777777777777776
HRBJA;2020;10;9;186;23;0,05521472392638037
HRBJA;2020;11;6;165;17;0,04054054054054054
HRBJA;2020;12;3;173;18;0,01935483870967742
HRBJA;2021;1;5;158;13;0,034482758620689655
HRBJA;2021;2;4;154;11;0,027972027972027972
HRBJA;2021;3;6;181;11;0,03529411764705882
HRBJA;2021;4;5;199;24;0,02857142857142857
HRBJA;2021;5;2;196;15;0,011049723756906077
HRBJA;2021;6;7;198;17;0,03867403314917127
HRBJA;2021;7;12;207;17;0,06315789473684211
HRBJA;2021;8;6;194;18;0,03409090909090909
HRBJA;2021;9;6;178;19;0,03773584905660377
HRBJA;2021;10;7;190;23;0,041916167664670656
HRBJA;2021;11;7;222;23;0,035175879396984924
HRBJA;2021;12;11;194;19;0,06285714285714286
HRBJA;2022;1;8;397;32;0,021917808219178082
HRBJA;2022;3;5;194;23;0,029239766081871343
HRBJA;2022;4;6;164;18;0,0410958904109589
HRBJA;2022;5;1;185;26;0,006289308176100629
HRBJA;2022;6;3;164;16;0,02027027027027027
HRBJA;2022;7;5;221;27;0,02577319587628866
HRBJA;2022;8;7;209;23;0,03763440860215054
HRBJA;2022;9;4;201;23;0,02247191011235955
HRBJA;2022;10;5;184;18;0,030120481927710843
HRBJA;2022;11;2;163;14;0,013422818791946308
HRBJA;2022;12;4;199;24;0,022857142857142857
HRBJA;2023;1;7;192;14;0,03932584269662921
HRBJA;2023;2;3;164;11;0,0196078431372549
HRBJA;2023;3;5;170;19;0,033112582781456956
HRBJA;2023;4;4;203;25;0,02247191011235955
HRBJA;2023;5;5;182;20;0,030864197530864196
HRBJA;2023;6;8;208;26;0,04395604395604396
HRBJA;2023;7;6;185;17;0,03571428571428571
HRBJA;2023;8;7;202;27;0,04
HRBJA;2023;9;4;202;25;0,022598870056497175
HRBJA;2023;10;5;178;16;0,030864197530864196
HRBJA;2023;11;15;228;24;0,07352941176470588
HRBJA;2023;12;5;226;25;0,024875621890547265
HRBJA;2024;1;5;252;30;0,02252252252252252
HRBJA;2024;2;6;205;14;0,031413612565445025
HRBJA;2024;3;7;212;21;0,03664921465968586
HRBJA;2024;4;5;211;20;0,02617801047120419
HRBJA;2024;5;8;223;20;0,03940886699507389
HRBJA;2024;6;2;182;18;0,012195121951219513
HRBJA;2024;7;1;190;30;0,00625
HRBJA;2024;8;1;215;27;0,005319148936170213
HRBJA;2024;10;2;191;19;0,011627906976744186
HRBJA;2024;12;1;273;18;0,00392156862745098
HRBJA;2025;1;3;291;38;0,011857707509881422
HRBJA;2025;4;1;267;25;0,004132231404958678
HRBJA;2025;5;1;284;38;0,0040650406504065045
HRBJA;2025;6;1;272;32;0,004166666666666667
HRBJA;2025;7;1;292;28;0,003787878787878788
HRBJA;2025;8;2;274;32;0,008264462809917356
HRBJA;2025;9;1;248;24;0,004464285714285714
HRBJA;2025;10;1;242;37;0,004878048780487805
HRBJA;2026;1;3;279;24;0,011764705882352941
HRBJA;2026;3;2;263;14;0,008032128514056224
HRBJA;2026;5;1;195;20;0,005714285714285714
HRJP;2020;1;3;421;17;0,007425742574257425
HRJP;2020;2;1;131;0;0,007633587786259542
HRJP;2020;4;2;156;2;0,012987012987012988
HRJP;2020;5;3;140;6;0,022388059701492536
HRJP;2020;6;3;322;14;0,00974025974025974
HRJP;2020;7;4;382;27;0,011267605633802818
HRJP;2020;8;6;374;26;0,017241379310344827
HRJP;2020;9;6;366;19;0,01729106628242075
HRJP;2020;10;5;327;24;0,0165016501650165
HRJP;2020;11;5;408;28;0,013157894736842105
HRJP;2020;12;4;304;13;0,013745704467353952
HRJP;2021;1;4;382;24;0,0111731843575419
HRJP;2021;2;2;277;15;0,007633587786259542
HRJP;2021;3;12;440;16;0,02830188679245283
HRJP;2021;4;5;435;16;0,011933174224343675
HRJP;2021;5;2;373;10;0,005509641873278237
HRJP;2021;6;4;343;11;0,012048192771084338
HRJP;2021;7;5;342;15;0,01529051987767584
HRJP;2021;8;2;365;11;0,005649717514124294
HRJP;2021;9;4;338;12;0,012269938650306749
HRJP;2021;10;5;292;7;0,017543859649122806
HRJP;2021;11;8;334;7;0,024464831804281346
HRJP;2021;12;3;198;5;0,015544041450777202
HRJP;2022;1;3;401;7;0,007614213197969543
HRJP;2022;2;4;369;7;0,011049723756906077
HRJP;2022;3;7;380;14;0,01912568306010929
HRJP;2022;4;7;376;8;0,019021739130434784
HRJP;2022;5;7;388;8;0,018421052631578946
HRJP;2022;6;9;314;9;0,029508196721311476
HRJP;2022;7;8;341;5;0,023809523809523808
HRJP;2022;8;5;408;10;0,01256281407035176
HRJP;2022;9;5;420;7;0,012106537530266344
HRJP;2022;10;6;383;10;0,0160857908847185
HRJP;2022;11;3;384;8;0,007978723404255319
HRJP;2022;12;1;328;5;0,0030959752321981426
HRJP;2023;1;2;348;7;0,005865102639296188
HRJP;2023;2;7;370;11;0,019498607242339833
HRJP;2023;3;4;410;4;0,009852216748768473
HRJP;2023;4;8;393;9;0,020833333333333332
HRJP;2023;5;10;437;10;0,0234192037470726
HRJP;2023;6;7;393;8;0,01818181818181818
HRJP;2023;7;5;338;8;0,015151515151515152
HRJP;2023;8;9;443;15;0,02102803738317757
HRJP;2023;9;11;440;19;0,026128266033254157
HRJP;2023;10;5;445;14;0,01160092807424594
HRJP;2023;11;6;453;15;0,0136986301369863
HRJP;2023;12;10;429;18;0,024330900243309004
HRJP;2024;1;8;418;18;0,02
HRJP;2024;2;13;427;16;0,031630170316301706
HRJP;2024;3;14;500;25;0,029473684210526315
HRJP;2024;4;8;544;10;0,0149812734082397
HRJP;2024;5;11;528;18;0,021568627450980392
HRJP;2024;6;6;499;18;0,012474012474012475
HRJP;2024;7;13;463;19;0,02927927927927928
HRJP;2024;8;8;447;15;0,018518518518518517
HRJP;2024;9;10;499;15;0,02066115702479339
HRJP;2024;10;15;564;18;0,027472527472527472
HRJP;2024;11;6;463;10;0,013245033112582781
HRJP;2024;12;6;445;24;0,014251781472684086
HRJP;2025;1;8;432;10;0,018957345971563982
HRJP;2025;2;8;447;5;0,01809954751131222
HRJP;2025;3;2;576;15;0,0035650623885918
HRJP;2025;4;2;569;16;0,003616636528028933
HRJP;2025;5;2;611;11;0,0033333333333333335
HRJP;2025;6;1;547;10;0,00186219739292365
HRJP;2025;8;3;543;5;0,0055762081784386614
HRJP;2025;9;7;531;15;0,013565891472868217
HRJP;2025;10;3;568;19;0,00546448087431694
HRJP;2025;11;3;521;13;0,005905511811023622
HRJP;2025;12;3;508;17;0,006109979633401222
HRJP;2026;1;6;455;12;0,013544018058690745
HRJP;2026;2;3;486;11;0,00631578947368421
HRJP;2026;4;3;492;9;0,006211180124223602
MOV;2019;6;3;501;3;0,006024096385542169
MOV;2019;9;7;550;1;0,012750455373406194
MOV;2019;10;2;389;2;0,00516795865633075
MOV;2019;11;6;693;2;0,008683068017366137
MOV;2019;12;8;692;6;0,011661807580174927
MOV;2020;1;4;646;4;0,006230529595015576
MOV;2020;7;10;686;4;0,01466275659824047
MOV;2020;8;2;563;3;0,0035714285714285713
MOV;2020;9;4;588;1;0,0068143100511073255
MOV;2020;10;4;540;0;0,007407407407407408
MOV;2020;11;9;628;2;0,01437699680511182
MOV;2020;12;5;501;2;0,01002004008016032
MOV;2021;1;11;628;0;0,01751592356687898
MOV;2021;2;3;627;3;0,004807692307692308
MOV;2021;3;5;682;2;0,007352941176470588
MOV;2021;4;9;682;2;0,013235294117647059
MOV;2021;5;8;713;4;0,011283497884344146
MOV;2021;6;6;679;3;0,008875739644970414
MOV;2021;7;6;681;7;0,008902077151335312
MOV;2021;8;7;752;6;0,00938337801608579
MOV;2021;9;5;672;2;0,007462686567164179
MOV;2021;10;3;601;2;0,005008347245409015
MOV;2021;11;13;657;6;0,019969278033794162
MOV;2021;12;9;648;3;0,013953488372093023
MOV;2022;1;11;586;3;0,018867924528301886
MOV;2022;2;10;581;1;0,017241379310344827
MOV;2022;3;12;678;1;0,01772525849335303
MOV;2022;4;3;589;1;0,00510204081632653
MOV;2022;5;9;686;2;0,013157894736842105
MOV;2022;6;10;667;1;0,015015015015015015
MOV;2022;7;14;687;6;0,020558002936857563
MOV;2022;8;8;619;2;0,012965964343598054
MOV;2022;9;11;618;1;0,017828200972447326
MOV;2022;10;13;594;0;0,021885521885521887
MOV;2022;11;8;618;1;0,012965964343598054
MOV;2022;12;11;678;3;0,016296296296296295
MOV;2023;1;9;648;1;0,013910355486862442
MOV;2023;2;9;622;2;0,014516129032258065
MOV;2023;3;15;756;3;0,0199203187250996
MOV;2023;4;8;658;3;0,012213740458015267
MOV;2023;5;12;669;3;0,018018018018018018
MOV;2023;6;15;728;3;0,020689655172413793
MOV;2023;7;10;689;4;0,014598540145985401
MOV;2023;8;14;705;1;0,019886363636363636
MOV;2023;9;13;672;0;0,019345238095238096
MOV;2023;10;19;737;4;0,02592087312414734
MOV;2023;11;17;711;3;0,02401129943502825
MOV;2023;12;17;747;2;0,022818791946308724
MOV;2024;1;12;677;3;0,017804154302670624
MOV;2024;2;9;721;5;0,012569832402234637
MOV;2024;3;21;823;4;0,02564102564102564
MOV;2024;4;20;743;3;0,02702702702702703
MOV;2024;5;16;767;2;0,02091503267973856
MOV;2024;6;16;672;4;0,023952095808383235
MOV;2024;7;15;698;2;0,021551724137931036
MOV;2024;8;18;686;2;0,02631578947368421
MOV;2024;9;7;759;3;0,009259259259259259
MOV;2024;10;5;655;8;0,0077279752704791345
MOV;2024;11;4;614;2;0,006535947712418301
MOV;2024;12;7;648;2;0,010835913312693499
MOV;2025;1;5;694;10;0,007309941520467836
MOV;2025;2;7;654;9;0,010852713178294573
MOV;2025;3;5;800;5;0,006289308176100629
MOV;2025;4;6;778;7;0,007782101167315175
MOV;2025;5;2;828;6;0,0024330900243309003
MOV;2025;6;5;756;8;0,0066844919786096255
MOV;2025;8;2;655;5;0,003076923076923077
MOV;2025;9;4;709;1;0,005649717514124294
MOV;2025;10;8;712;3;0,011283497884344146
MOV;2025;11;6;698;5;0,008658008658008658
MOV;2025;12;6;708;3;0,00851063829787234
MOV;2026;1;2;725;10;0,002797202797202797
MOV;2026;2;1;707;6;0,0014265335235378032
MOV;2026;3;1;394;5;0,002570694087403599
MOV;2026;5;1;252;1;0,00398406374501992
